{"ATL": [-0.03299999999999992, -0.008000000000000007, 0.02300000000000013, 0.008000000000000007], "BOS": [0.05499999999999994, 0.0, 0.011999999999999789, 0.035, 0.029649999999999937]}